{"epoch": 0, "alice_message_length": 213.875, "_timestamp": 1722999817.896739, "_runtime": 14.559001922607422, "_step": 0, "_wandb": {"runtime": 14}}