{"system/gpu_count": 1, "system/gpu_type": "NVIDIA A100 80GB PCIe", "system/cuda_version": "12.1", "_timestamp": 1724702945.7876287, "_runtime": 0.6011295318603516, "_step": 0, "_wandb": {"runtime": 175}}