{"epoch": 0, "average_reward": 1.0, "alice_message_length": 266.625, "bob_accuracy": 1.0, "bob_loss": NaN, "_timestamp": 1723006250.3665814, "_runtime": 134.81786942481995, "_step": 8}