{"epoch": 0, "alice_message_length": 213.875, "_timestamp": 1722999465.8423355, "_runtime": 12.996596574783325, "_step": 0, "_wandb": {"runtime": 12}}