{"epoch": 0, "average_reward": 1.0, "alice_message_length": 251.875, "_timestamp": 1723003507.911434, "_runtime": 1075.2204940319061, "_step": 128, "_wandb": {"runtime": 1078}}