{"system/gpu_count": 1, "system/gpu_type": "NVIDIA A40", "system/cuda_version": "12.1", "_timestamp": 1722956347.1428397, "_runtime": 0.6705455780029297, "_step": 0}