{"epoch": 0, "alice_message_length": 213.875, "_timestamp": 1722999617.8492007, "_runtime": 12.804781675338745, "_step": 0, "_wandb": {"runtime": 12}}